line Number,Recipient First,Recipient Last,Recipient Company,Recipient Primary Address,Recipient Secondary Address,City,State,Zip 1,Zip 2,Primary Phone
1,,,,,,,,,,
2,,,,,,,,,,
3,,,,,,,,,,
4,,,,,,,,,,
5,,,,,,,,,,
6,,,,,,,,,,
7,,,,,,,,,,
8,,,,,,,,,,
9,,,,,,,,,,
10,,,,,,,,,,
11,,,,,,,,,,
12,,,,,,,,,,
14,,,,,,,,,,
15,,,,,,,,,,
17,,,,,,,,,,
18,,,,,,,,,,
19,,,,,,,,,,
20,,,,,,,,,,
21,,,,,,,,,,
22,,,,,,,,,,
25,,,,,,,,,,
26,,,,,,,,,,
27,,,,,,,,,,
29,,,,,,,,,,
30,,,,,,,,,,
32,,,,,,,,,,
33,,,,,,,,,,
34,,,,,,,,,,
35,,,,,,,,,,
36,,,,,,,,,,
38,,,,,,,,,,
40,,,,,,,,,,
41,,,,,,,,,,
42,,,,,,,,,,
45,,,,,,,,,,
46,,,,,,,,,,
47,,,,,,,,,,
49,,,,,,,,,,
50,,,,,,,,,,
51,,,,,,,,,,
52,,,,,,,,,,
54,,,,,,,,,,
55,,,,,,,,,,
56,,,,,,,,,,
57,,,,,,,,,,
58,,,,,,,,,,
59,,,,,,,,,,
60,,,,,,,,,,
61,,,,,,,,,,
62,,,,,,,,,,
63,,,,,,,,,,
64,,,,,,,,,,
65,,,,,,,,,,
66,,,,,,,,,,
67,,,,,,,,,,
69,,,,,,,,,,
70,,,,,,,,,,
71,,,,,,,,,,
72,,,,,,,,,,
73,,,,,,,,,,
75,,,,,,,,,,
76,,,,,,,,,,
77,,,,,,,,,,
78,,,,,,,,,,
79,,,,,,,,,,
80,,,,,,,,,,
81,,,,,,,,,,
82,,,,,,,,,,
83,,,,,,,,,,
86,,,,,,,,,,
88,,,,,,,,,,
89,,,,,,,,,,
90,,,,,,,,,,
91,,,,,,,,,,
93,,,,,,,,,,
95,,,,,,,,,,
97,,,,,,,,,,
98,,,,,,,,,,
99,,,,,,,,,,
100,,,,,,,,,,
101,,,,,,,,,,
103,,,,,,,,,,
104,,,,,,,,,,
105,,,,,,,,,,
106,,,,,,,,,,
107,,,,,,,,,,
110,,,,,,,,,,
111,,,,,,,,,,
112,,,,,,,,,,
113,,,,,,,,,,
114,,,,,,,,,,
115,,,,,,,,,,
117,,,,,,,,,,
118,,,,,,,,,,
119,,,,,,,,,,
122,,,,,,,,,,
123,,,,,,,,,,
124,,,,,,,,,,
127,,,,,,,,,,
128,,,,,,,,,,
129,,,,,,,,,,
130,,,,,,,,,,
131,,,,,,,,,,
132,,,,,,,,,,
134,,,,,,,,,,
135,,,,,,,,,,
136,,,,,,,,,,
137,,,,,,,,,,
138,,,,,,,,,,
139,,,,,,,,,,
140,,,,,,,,,,
141,,,,,,,,,,
142,,,,,,,,,,
143,,,,,,,,,,
144,,,,,,,,,,
146,,,,,,,,,,
147,,,,,,,,,,
148,,,,,,,,,,
150,,,,,,,,,,
151,,,,,,,,,,
152,,,,,,,,,,
154,,,,,,,,,,
155,,,,,,,,,,
156,,,,,,,,,,
157,,,,,,,,,,
158,,,,,,,,,,
159,,,,,,,,,,
161,,,,,,,,,,
162,,,,,,,,,,
164,,,,,,,,,,
166,,,,,,,,,,
167,,,,,,,,,,
169,,,,,,,,,,
170,,,,,,,,,,
171,,,,,,,,,,
174,,,,,,,,,,
175,,,,,,,,,,
176,,,,,,,,,,
177,,,,,,,,,,
178,,,,,,,,,,
179,,,,,,,,,,
180,,,,,,,,,,
181,,,,,,,,,,
182,,,,,,,,,,
183,,,,,,,,,,
184,,,,,,,,,,
185,,,,,,,,,,
186,,,,,,,,,,
187,,,,,,,,,,
188,,,,,,,,,,
189,,,,,,,,,,
190,,,,,,,,,,
195,,,,,,,,,,
196,,,,,,,,,,
197,,,,,,,,,,
198,,,,,,,,,,
200,,,,,,,,,,
201,,,,,,,,,,
203,,,,,,,,,,
204,,,,,,,,,,
205,,,,,,,,,,
206,,,,,,,,,,
207,,,,,,,,,,
208,,,,,,,,,,
210,,,,,,,,,,
211,,,,,,,,,,
212,,,,,,,,,,
214,,,,,,,,,,
215,,,,,,,,,,
217,,,,,,,,,,
218,,,,,,,,,,
219,,,,,,,,,,
220,,,,,,,,,,
221,,,,,,,,,,
222,,,,,,,,,,
224,,,,,,,,,,
225,,,,,,,,,,
226,,,,,,,,,,
227,,,,,,,,,,
228,,,,,,,,,,
229,,,,,,,,,,
230,,,,,,,,,,
232,,,,,,,,,,
234,,,,,,,,,,
235,,,,,,,,,,
236,,,,,,,,,,
237,,,,,,,,,,
238,,,,,,,,,,
239,,,,,,,,,,
240,,,,,,,,,,
241,,,,,,,,,,
242,,,,,,,,,,
243,,,,,,,,,,
244,,,,,,,,,,
245,,,,,,,,,,
247,,,,,,,,,,
249,,,,,,,,,,
250,,,,,,,,,,
251,,,,,,,,,,
252,,,,,,,,,,
253,,,,,,,,,,
254,,,,,,,,,,
255,,,,,,,,,,
257,,,,,,,,,,
259,,,,,,,,,,
260,,,,,,,,,,
262,,,,,,,,,,
263,,,,,,,,,,
264,,,,,,,,,,
265,,,,,,,,,,
266,,,,,,,,,,
267,,,,,,,,,,
268,,,,,,,,,,
269,,,,,,,,,,
271,,,,,,,,,,
272,,,,,,,,,,
274,,,,,,,,,,
275,,,,,,,,,,
276,,,,,,,,,,
277,,,,,,,,,,
279,,,,,,,,,,
281,,,,,,,,,,
282,,,,,,,,,,
284,,,,,,,,,,
285,,,,,,,,,,
287,,,,,,,,,,
289,,,,,,,,,,
290,,,,,,,,,,
291,,,,,,,,,,
292,,,,,,,,,,
293,,,,,,,,,,
294,,,,,,,,,,
298,,,,,,,,,,
299,,,,,,,,,,
300,,,,,,,,,,
303,,,,,,,,,,
304,,,,,,,,,,
305,,,,,,,,,,
307,,,,,,,,,,
309,,,,,,,,,,
310,,,,,,,,,,
311,,,,,,,,,,
313,,,,,,,,,,
314,,,,,,,,,,
315,,,,,,,,,,
316,,,,,,,,,,
317,,,,,,,,,,
318,,,,,,,,,,
319,,,,,,,,,,
320,,,,,,,,,,
321,,,,,,,,,,
322,,,,,,,,,,
323,,,,,,,,,,
324,,,,,,,,,,
326,,,,,,,,,,
327,,,,,,,,,,
329,,,,,,,,,,
330,,,,,,,,,,
331,,,,,,,,,,
332,,,,,,,,,,
333,,,,,,,,,,
334,,,,,,,,,,
335,,,,,,,,,,
336,,,,,,,,,,
338,,,,,,,,,,
339,,,,,,,,,,
340,,,,,,,,,,
341,,,,,,,,,,
342,,,,,,,,,,
343,,,,,,,,,,
